"","sqrt_LMA_gDW_m2.10.comps"
"(Intercept)",7.88714219048004
"Wave_500",0.868684991275949
"Wave_501",0.827411772264461
"Wave_502",0.76913833409557
"Wave_503",0.74689931164794
"Wave_504",0.71766859824602
"Wave_505",0.691715343210428
"Wave_506",0.675234108540895
"Wave_507",0.673024620974464
"Wave_508",0.660256026340746
"Wave_509",0.647749744067181
"Wave_510",0.638020106674685
"Wave_511",0.629939935630028
"Wave_512",0.626607677234941
"Wave_513",0.623360312507668
"Wave_514",0.6134552983146
"Wave_515",0.602633862909345
"Wave_516",0.593479826761596
"Wave_517",0.587678736698296
"Wave_518",0.569423817677478
"Wave_519",0.53948833694743
"Wave_520",0.511936182829732
"Wave_521",0.486259534814679
"Wave_522",0.459483839709623
"Wave_523",0.421544118159041
"Wave_524",0.381563484977602
"Wave_525",0.319866413310284
"Wave_526",0.256363439401726
"Wave_527",0.200772151676554
"Wave_528",0.129027212154091
"Wave_529",0.0637999324082103
"Wave_530",0.025486831281866
"Wave_531",-0.00438573614376479
"Wave_532",-0.0437968061906791
"Wave_533",-0.087899154075502
"Wave_534",-0.127031153674631
"Wave_535",-0.143769030508765
"Wave_536",-0.155327059537449
"Wave_537",-0.16364418585352
"Wave_538",-0.172318930310407
"Wave_539",-0.182130921937834
"Wave_540",-0.186027876801461
"Wave_541",-0.189939059742624
"Wave_542",-0.184491452812745
"Wave_543",-0.178767327147149
"Wave_544",-0.173843474424856
"Wave_545",-0.172573838275795
"Wave_546",-0.179978345005935
"Wave_547",-0.192084210613323
"Wave_548",-0.20141377992645
"Wave_549",-0.205078452864826
"Wave_550",-0.225354806370098
"Wave_551",-0.244135029430197
"Wave_552",-0.261602942376266
"Wave_553",-0.280411927885712
"Wave_554",-0.296290965225347
"Wave_555",-0.304740511610407
"Wave_556",-0.320284818784439
"Wave_557",-0.338448267964202
"Wave_558",-0.351914519878444
"Wave_559",-0.371113730848416
"Wave_560",-0.390965739022368
"Wave_561",-0.406215162998045
"Wave_562",-0.414159829591017
"Wave_563",-0.420718988410476
"Wave_564",-0.416468087104699
"Wave_565",-0.403849436007625
"Wave_566",-0.401829345856353
"Wave_567",-0.402040985773155
"Wave_568",-0.387056750653913
"Wave_569",-0.362349573351221
"Wave_570",-0.358166467116352
"Wave_571",-0.337589535223965
"Wave_572",-0.311146343286034
"Wave_573",-0.28738604459175
"Wave_574",-0.278168703115237
"Wave_575",-0.260472637802625
"Wave_576",-0.230087995594676
"Wave_577",-0.209559726870646
"Wave_578",-0.198839978726758
"Wave_579",-0.17418728193784
"Wave_580",-0.148436021357792
"Wave_581",-0.134231623175169
"Wave_582",-0.113786969528807
"Wave_583",-0.0936797410388033
"Wave_584",-0.0712354693051418
"Wave_585",-0.047943631274028
"Wave_586",-0.029124727337138
"Wave_587",-0.00768520023422351
"Wave_588",0.0113036722407748
"Wave_589",0.0270391727673806
"Wave_590",0.0478340104837742
"Wave_591",0.0652685766196751
"Wave_592",0.0894907332699735
"Wave_593",0.114107863041812
"Wave_594",0.131873312022106
"Wave_595",0.150696626754487
"Wave_596",0.167955609028869
"Wave_597",0.183050037284588
"Wave_598",0.197554043227826
"Wave_599",0.204046038420985
"Wave_600",0.211760102719817
"Wave_601",0.219890808248927
"Wave_602",0.225424737451062
"Wave_603",0.219965439128787
"Wave_604",0.210098414515886
"Wave_605",0.20050049803763
"Wave_606",0.188873871833792
"Wave_607",0.177148297141277
"Wave_608",0.166412823488849
"Wave_609",0.153378464095627
"Wave_610",0.138869977211974
"Wave_611",0.122680217047113
"Wave_612",0.107754831598966
"Wave_613",0.0956040166139004
"Wave_614",0.0874698375808385
"Wave_615",0.0795237007564699
"Wave_616",0.0785544036652582
"Wave_617",0.0799512487830709
"Wave_618",0.0861959890790837
"Wave_619",0.0927575049238042
"Wave_620",0.0974511378466939
"Wave_621",0.102680874333406
"Wave_622",0.116301702050118
"Wave_623",0.123272711137068
"Wave_624",0.129151332878401
"Wave_625",0.137775265775276
"Wave_626",0.14255392457246
"Wave_627",0.145419667701008
"Wave_628",0.140547927296373
"Wave_629",0.128324566809086
"Wave_630",0.113074492530678
"Wave_631",0.0960311076381048
"Wave_632",0.0945535475195199
"Wave_633",0.103802471540191
"Wave_634",0.11192077556834
"Wave_635",0.125493074953241
"Wave_636",0.143438430450404
"Wave_637",0.165569352691711
"Wave_638",0.199117481361942
"Wave_639",0.239340466517142
"Wave_640",0.279200334700022
"Wave_641",0.32300228310047
"Wave_642",0.362184070972286
"Wave_643",0.392943441477925
"Wave_644",0.434631952629692
"Wave_645",0.478523024486917
"Wave_646",0.513055277726285
"Wave_647",0.538703842953966
"Wave_648",0.572854836271774
"Wave_649",0.586706355210255
"Wave_650",0.590076586310231
"Wave_651",0.58205657996211
"Wave_652",0.566180472391193
"Wave_653",0.546769681016963
"Wave_654",0.517738744618237
"Wave_655",0.48032361918532
"Wave_656",0.436772118759116
"Wave_657",0.397583557173152
"Wave_658",0.35952036553656
"Wave_659",0.309918457728484
"Wave_660",0.275246714736456
"Wave_661",0.24019280010158
"Wave_662",0.203220999662225
"Wave_663",0.177737146521143
"Wave_664",0.158257704508838
"Wave_665",0.143420824551517
"Wave_666",0.129844073955338
"Wave_667",0.118678891350765
"Wave_668",0.108199881527748
"Wave_669",0.0989292392778758
"Wave_670",0.0921079651074154
"Wave_671",0.0801953284014207
"Wave_672",0.0670775751500361
"Wave_673",0.0548207579014337
"Wave_674",0.0361071848831152
"Wave_675",0.0192540749146565
"Wave_676",-0.00126318152306393
"Wave_677",-0.0306666255584379
"Wave_678",-0.0577674641577093
"Wave_679",-0.0844208449920142
"Wave_680",-0.110089591651105
"Wave_681",-0.137054274767773
"Wave_682",-0.168046084753006
"Wave_683",-0.190976416422953
"Wave_684",-0.208312341809921
"Wave_685",-0.226949633758376
"Wave_686",-0.242187322691623
"Wave_687",-0.229621265647988
"Wave_688",-0.221378561033037
"Wave_689",-0.230514397535408
"Wave_690",-0.201098388292007
"Wave_691",-0.160919470976846
"Wave_692",-0.148073208459737
"Wave_693",-0.13245934698034
"Wave_694",-0.103597147630497
"Wave_695",-0.112127222057127
"Wave_696",-0.120368273876673
"Wave_697",-0.128792526508917
"Wave_698",-0.130998447847734
"Wave_699",-0.182472431769158
"Wave_700",-0.225633961625794
"Wave_701",-0.244447480192994
"Wave_702",-0.280541107593733
"Wave_703",-0.310604757866378
"Wave_704",-0.291864762158409
"Wave_705",-0.218821930869
"Wave_706",-0.231664632997671
"Wave_707",-0.222808913346485
"Wave_708",-0.165135301916154
"Wave_709",-0.0623523138965527
"Wave_710",-0.0531453576819238
"Wave_711",-0.02332636886478
"Wave_712",0.034063675721357
"Wave_713",0.0972589099161729
"Wave_714",0.136320908017719
"Wave_715",0.183710353955452
"Wave_716",0.204992244868999
"Wave_717",0.244171667964002
"Wave_718",0.283796561547868
"Wave_719",0.267123643904491
"Wave_720",0.260668399321642
"Wave_721",0.26882886928323
"Wave_722",0.289707347314462
"Wave_723",0.256809485314906
"Wave_724",0.221141744019653
"Wave_725",0.177523293463509
"Wave_726",0.169910967730386
"Wave_727",0.174032466945172
"Wave_728",0.149249152915958
"Wave_729",0.104375262179276
"Wave_730",0.0765622201180208
"Wave_731",0.0345674352905643
"Wave_732",0.0019371107226549
"Wave_733",-0.026424772775594
"Wave_734",-0.0394327326537784
"Wave_735",-0.0755107126657074
"Wave_736",-0.095012657448263
"Wave_737",-0.118594903796286
"Wave_738",-0.125445734917363
"Wave_739",-0.135502676300663
"Wave_740",-0.138995775596566
"Wave_741",-0.142907689506179
"Wave_742",-0.139930350616471
"Wave_743",-0.163336414565866
"Wave_744",-0.16639890230703
"Wave_745",-0.144654906103095
"Wave_746",-0.130619667417199
"Wave_747",-0.127720680817968
"Wave_748",-0.127665777738666
"Wave_749",-0.121705820236593
"Wave_750",-0.120313205040967
"Wave_751",-0.113064061336212
"Wave_752",-0.11372785916439
"Wave_753",-0.118444091802762
"Wave_754",-0.128567356164756
"Wave_755",-0.134315395217643
"Wave_756",-0.133581716351384
"Wave_757",-0.127852838632963
"Wave_758",-0.121694741106291
"Wave_759",-0.111305370039372
"Wave_760",-0.0960041807043268
"Wave_761",-0.090637410721442
"Wave_762",-0.083617283202761
"Wave_763",-0.0815989791963443
"Wave_764",-0.0828717323812063
"Wave_765",-0.0854436923266235
"Wave_766",-0.0943374975465089
"Wave_767",-0.102035584127449
"Wave_768",-0.0908523268054598
"Wave_769",-0.0894727650414745
"Wave_770",-0.0856919898350453
"Wave_771",-0.0833976354417032
"Wave_772",-0.0811148021614192
"Wave_773",-0.0784929757847819
"Wave_774",-0.0782302913610898
"Wave_775",-0.0672200849864603
"Wave_776",-0.0712144041858582
"Wave_777",-0.0635829358629278
"Wave_778",-0.0541759507980868
"Wave_779",-0.0599710456364675
"Wave_780",-0.0705604484687566
"Wave_781",-0.0713914839229837
"Wave_782",-0.0754142317382409
"Wave_783",-0.0811130085148265
"Wave_784",-0.0789049563507937
"Wave_785",-0.0763307535283533
"Wave_786",-0.0817555081515123
"Wave_787",-0.0813730782706154
"Wave_788",-0.0778659059153654
"Wave_789",-0.0808440092604477
"Wave_790",-0.0835422268104959
"Wave_791",-0.0830682612806473
"Wave_792",-0.0847061729590738
"Wave_793",-0.0884514261016402
"Wave_794",-0.089406423245395
"Wave_795",-0.0894407895827456
"Wave_796",-0.0877955359634674
"Wave_797",-0.0903587392676316
"Wave_798",-0.0981223119566423
"Wave_799",-0.0993778980505355
"Wave_800",-0.108298634637187
"Wave_801",-0.107542090552742
"Wave_802",-0.102795043169761
"Wave_803",-0.107472512307955
"Wave_804",-0.101710717517719
"Wave_805",-0.104108476950015
"Wave_806",-0.106968473105247
"Wave_807",-0.105287209462901
"Wave_808",-0.108704221947525
"Wave_809",-0.109660702757782
"Wave_810",-0.0991376546220705
"Wave_811",-0.0917341749763866
"Wave_812",-0.09296995814416
"Wave_813",-0.08706919510912
"Wave_814",-0.0886205128263754
"Wave_815",-0.0900904135122552
"Wave_816",-0.0797383760678682
"Wave_817",-0.088004125401616
"Wave_818",-0.0942786351175742
"Wave_819",-0.0893549054962678
"Wave_820",-0.0917815758558619
"Wave_821",-0.0948729729099658
"Wave_822",-0.0950437592290734
"Wave_823",-0.0824515017023005
"Wave_824",-0.0814341695057804
"Wave_825",-0.0909085300712834
"Wave_826",-0.0922097346704196
"Wave_827",-0.0943814655743346
"Wave_828",-0.106395546530975
"Wave_829",-0.100346514299156
"Wave_830",-0.0846121735041605
"Wave_831",-0.0833458837498197
"Wave_832",-0.0842375439612919
"Wave_833",-0.0905878731811603
"Wave_834",-0.0915356729259836
"Wave_835",-0.0922076886929556
"Wave_836",-0.0958737430443224
"Wave_837",-0.0915514802744708
"Wave_838",-0.0953330663487431
"Wave_839",-0.0847118440184772
"Wave_840",-0.0799499541303119
"Wave_841",-0.083733214672797
"Wave_842",-0.08316463144544
"Wave_843",-0.0842524472553498
"Wave_844",-0.0848721007291492
"Wave_845",-0.0611061124591051
"Wave_846",-0.0580576596686302
"Wave_847",-0.0623182888220694
"Wave_848",-0.0629889780538244
"Wave_849",-0.0572397500430312
"Wave_850",-0.0630859374276537
"Wave_851",-0.0589450842054328
"Wave_852",-0.0532119091574653
"Wave_853",-0.0452162581892769
"Wave_854",-0.029821602604188
"Wave_855",-0.0214921638714497
"Wave_856",-0.021835861217556
"Wave_857",-0.0177428772703188
"Wave_858",-0.0211399287973034
"Wave_859",-0.0242773933391927
"Wave_860",-0.00655594315171523
"Wave_861",-0.0112026637955622
"Wave_862",-0.0216471918002957
"Wave_863",-0.0106280436151421
"Wave_864",-0.000735484456890272
"Wave_865",-0.015197424825375
"Wave_866",0.00576231893725455
"Wave_867",0.00224562836814158
"Wave_868",0.00766102158281437
"Wave_869",0.0232611651177779
"Wave_870",0.0149467122875654
"Wave_871",0.0165984248938013
"Wave_872",0.00967534607489579
"Wave_873",0.00859386381850027
"Wave_874",0.0150651747032069
"Wave_875",0.0220382957481467
"Wave_876",0.0369484801238139
"Wave_877",0.031505705147089
"Wave_878",0.0417018150875707
"Wave_879",0.0427292121596987
"Wave_880",0.0427693014552161
"Wave_881",0.0428164324738003
"Wave_882",0.0459108945873539
"Wave_883",0.0446583065198539
"Wave_884",0.034789467590868
"Wave_885",0.0264597569000072
"Wave_886",0.0371229978761783
"Wave_887",0.0370063468039393
"Wave_888",0.0263953158986643
"Wave_889",0.0462915807894201
"Wave_890",0.048953474421796
"Wave_891",0.0445728713240446
"Wave_892",0.0347713675068872
"Wave_893",0.0258596909251845
"Wave_894",0.041748244672793
"Wave_895",0.0476525821139126
"Wave_896",0.0358831026555956
"Wave_897",0.0252134112391088
"Wave_898",0.0363921993200748
"Wave_899",0.0364316581946678
"Wave_900",0.027624650226272
"Wave_901",0.0185894008347296
"Wave_902",0.0147202070098451
"Wave_903",0.0154338286598034
"Wave_904",-0.00150081314778081
"Wave_905",-0.0119711273150492
"Wave_906",-0.00780558641163944
"Wave_907",0.00218662750201858
"Wave_908",-0.00955201753720866
"Wave_909",-0.0134214174902563
"Wave_910",-0.0388228665525867
"Wave_911",-0.0338367194210062
"Wave_912",-0.0107121716743084
"Wave_913",-0.00567271461196402
"Wave_914",-0.00112221346081112
"Wave_915",-0.0265469429620006
"Wave_916",-0.0251852976722739
"Wave_917",-0.00562267587553116
"Wave_918",-0.00920641206837711
"Wave_919",-0.00115761442881032
"Wave_920",-0.00725100541472899
"Wave_921",-0.00888600845693991
"Wave_922",-0.00741769855775574
"Wave_923",-0.00759678107105136
"Wave_924",-0.0100292497494975
"Wave_925",-0.00457647459583953
"Wave_926",0.00126784142271404
"Wave_927",-0.00312516995358114
"Wave_928",0.00614397668661665
"Wave_929",0.00661733239613853
"Wave_930",-0.0126054735127333
"Wave_931",-0.0147009139239551
"Wave_932",0.0126364539876565
"Wave_933",0.0241793247956317
"Wave_934",0.0221678333429186
"Wave_935",0.00818235503838381
"Wave_936",0.00875832515555941
"Wave_937",0.0295750347301333
"Wave_938",0.0286729944461469
"Wave_939",0.0357127894417891
"Wave_940",0.0253730671978206
"Wave_941",0.0213216715614779
"Wave_942",0.0294531868323494
"Wave_943",0.0360028707639786
"Wave_944",0.0322932986904051
"Wave_945",0.0206035678219973
"Wave_946",0.0297995311994115
"Wave_947",0.0347346998274909
"Wave_948",0.0390678545691758
"Wave_949",0.0176929353948123
"Wave_950",0.0202359463470356
"Wave_951",-0.00444217229320827
"Wave_952",-0.00239282293846947
"Wave_953",0.000629439261159229
"Wave_954",0.00440129677896987
"Wave_955",0.000465436744770453
"Wave_956",-0.00222983554242734
"Wave_957",-0.0196757485027379
"Wave_958",-0.0420556253297305
"Wave_959",-0.0717048894042299
"Wave_960",-0.0742079985305498
"Wave_961",-0.124084981218123
"Wave_962",-0.140253346028685
"Wave_963",-0.195270354659422
"Wave_964",-0.205547366667121
"Wave_965",-0.228972490363316
"Wave_966",-0.236212542993144
"Wave_967",-0.291805348809547
"Wave_968",-0.319148442176484
"Wave_969",-0.288520748728158
"Wave_970",-0.328476951632331
"Wave_971",-0.377933717469093
"Wave_972",-0.370482510434083
"Wave_973",-0.357712785001978
"Wave_974",-0.346253185753333
"Wave_975",-0.327524172746818
"Wave_976",-0.345196999362282
"Wave_977",-0.30987785794516
"Wave_978",-0.243704133021638
"Wave_979",-0.267039898207061
"Wave_980",-0.253260334533966
"Wave_981",-0.228727785792588
"Wave_982",-0.20268567093311
"Wave_983",-0.187201302022598
"Wave_984",-0.154219606315294
"Wave_985",-0.135916407918365
"Wave_986",-0.0808243862540656
"Wave_987",-0.0917924260600453
"Wave_988",-0.0853937884995839
"Wave_989",-0.00577503736917098
"Wave_990",0.0206755695109985
"Wave_991",0.0259110743914931
"Wave_992",0.0425274066190627
"Wave_993",0.0829837855415451
"Wave_994",0.105873194218442
"Wave_995",0.122743565140689
"Wave_996",0.0907845168283093
"Wave_997",0.050206105055886
"Wave_998",0.0225310547204973
"Wave_999",-0.0144430365869514
"Wave_1000",-0.0344614348099014
"Wave_1001",-0.264349053997558
"Wave_1002",-0.286700314512571
"Wave_1003",-0.291472458239458
"Wave_1004",-0.292737394590026
"Wave_1005",-0.288524057186703
"Wave_1006",-0.281563676139386
"Wave_1007",-0.281736271137428
"Wave_1008",-0.289309021689372
"Wave_1009",-0.288979548633394
"Wave_1010",-0.288412391497373
"Wave_1011",-0.29022696242396
"Wave_1012",-0.285148183911527
"Wave_1013",-0.280241350027309
"Wave_1014",-0.270807717891569
"Wave_1015",-0.257374232039896
"Wave_1016",-0.249524620111382
"Wave_1017",-0.241751112168823
"Wave_1018",-0.233317096047838
"Wave_1019",-0.225582366333634
"Wave_1020",-0.221329679339661
"Wave_1021",-0.210886891023011
"Wave_1022",-0.200224415960614
"Wave_1023",-0.18650771299725
"Wave_1024",-0.172863441203085
"Wave_1025",-0.163610843739619
"Wave_1026",-0.151608391103181
"Wave_1027",-0.138366614499911
"Wave_1028",-0.127365876893732
"Wave_1029",-0.111279474666261
"Wave_1030",-0.101004141199581
"Wave_1031",-0.093360036016917
"Wave_1032",-0.085213231273849
"Wave_1033",-0.0710970569696489
"Wave_1034",-0.0588822760658416
"Wave_1035",-0.0409775765040871
"Wave_1036",-0.0176017372567081
"Wave_1037",-0.00960668476578325
"Wave_1038",-0.00293536211023072
"Wave_1039",0.00391683503996738
"Wave_1040",0.01151803575941
"Wave_1041",0.0269958391025977
"Wave_1042",0.0380895072652125
"Wave_1043",0.0488625346865626
"Wave_1044",0.0578645038017888
"Wave_1045",0.0605795958516754
"Wave_1046",0.0642495710580743
"Wave_1047",0.0711109877072004
"Wave_1048",0.0744516825992637
"Wave_1049",0.080989574298323
"Wave_1050",0.0887614717476992
"Wave_1051",0.0937085024682386
"Wave_1052",0.102253884845416
"Wave_1053",0.116921088258182
"Wave_1054",0.126690195724199
"Wave_1055",0.131694261969182
"Wave_1056",0.137404686946412
"Wave_1057",0.140350477488638
"Wave_1058",0.137393023377018
"Wave_1059",0.137383422727598
"Wave_1060",0.145212550296701
"Wave_1061",0.14984929087157
"Wave_1062",0.155146727314813
"Wave_1063",0.163396514966309
"Wave_1064",0.173631151433839
"Wave_1065",0.17779002474424
"Wave_1066",0.184527625241402
"Wave_1067",0.196028805329734
"Wave_1068",0.202349340273039
"Wave_1069",0.212749978650447
"Wave_1070",0.224662773948538
"Wave_1071",0.232420372601059
"Wave_1072",0.245797718843461
"Wave_1073",0.258645434211007
"Wave_1074",0.26826524740187
"Wave_1075",0.280943843726583
"Wave_1076",0.290249547736446
"Wave_1077",0.299272952988901
"Wave_1078",0.309601290980967
"Wave_1079",0.32447891958235
"Wave_1080",0.33627427815284
"Wave_1081",0.346938667213014
"Wave_1082",0.355241698259413
"Wave_1083",0.370152183556916
"Wave_1084",0.382062034539616
"Wave_1085",0.390445060679148
"Wave_1086",0.403748063633116
"Wave_1087",0.41374329890395
"Wave_1088",0.420102773838191
"Wave_1089",0.434514478646638
"Wave_1090",0.443500302229493
"Wave_1091",0.459122990894311
"Wave_1092",0.467121361357343
"Wave_1093",0.478852253950058
"Wave_1094",0.489909112098513
"Wave_1095",0.499236460848957
"Wave_1096",0.508532554261934
"Wave_1097",0.520035507993626
"Wave_1098",0.53189383724795
"Wave_1099",0.544357665508176
"Wave_1100",0.555274945843478
"Wave_1101",0.563909254475325
"Wave_1102",0.576118197751935
"Wave_1103",0.585657832125892
"Wave_1104",0.588488222277982
"Wave_1105",0.593053741110296
"Wave_1106",0.596932669860282
"Wave_1107",0.599779598471189
"Wave_1108",0.603428631482124
"Wave_1109",0.609891324407978
"Wave_1110",0.612454316950475
"Wave_1111",0.612536150874302
"Wave_1112",0.612598760087646
"Wave_1113",0.616450093923409
"Wave_1114",0.616459870658255
"Wave_1115",0.613583797716973
"Wave_1116",0.612034194500552
"Wave_1117",0.612842271866999
"Wave_1118",0.607335023374172
"Wave_1119",0.599184003584513
"Wave_1120",0.589015428730415
"Wave_1121",0.579287854758654
"Wave_1122",0.564508318805074
"Wave_1123",0.541785882306006
"Wave_1124",0.525441715782215
"Wave_1125",0.507657538202994
"Wave_1126",0.480272855737428
"Wave_1127",0.448154312661828
"Wave_1128",0.423743331291181
"Wave_1129",0.396019476751686
"Wave_1130",0.359388144658185
"Wave_1131",0.316607448626422
"Wave_1132",0.288417976212231
"Wave_1133",0.252223386925694
"Wave_1134",0.217383421993956
"Wave_1135",0.178424950599047
"Wave_1136",0.147917450941029
"Wave_1137",0.118945666442605
"Wave_1138",0.0852967045942783
"Wave_1139",0.0478090896138775
"Wave_1140",0.0143258622634918
"Wave_1141",-0.0203663019349753
"Wave_1142",-0.0534131697451045
"Wave_1143",-0.0952110174979273
"Wave_1144",-0.131665447613884
"Wave_1145",-0.163928855617228
"Wave_1146",-0.196237191034252
"Wave_1147",-0.238901519833829
"Wave_1148",-0.274889625352388
"Wave_1149",-0.307372875229289
"Wave_1150",-0.337966447073442
"Wave_1151",-0.380927904320254
"Wave_1152",-0.421088591890713
"Wave_1153",-0.452366851402769
"Wave_1154",-0.484381458700546
"Wave_1155",-0.525520374736791
"Wave_1156",-0.55341703611405
"Wave_1157",-0.575650056427299
"Wave_1158",-0.598237321361778
"Wave_1159",-0.621643477363111
"Wave_1160",-0.640360376219239
"Wave_1161",-0.654284900422904
"Wave_1162",-0.669543986235259
"Wave_1163",-0.684030547466826
"Wave_1164",-0.693626226718893
"Wave_1165",-0.699093660433149
"Wave_1166",-0.707247268158921
"Wave_1167",-0.71439740570444
"Wave_1168",-0.723227356115443
"Wave_1169",-0.729687021370431
"Wave_1170",-0.739350205925874
"Wave_1171",-0.745878293151816
"Wave_1172",-0.754673542541508
"Wave_1173",-0.763453486303999
"Wave_1174",-0.773476260320467
"Wave_1175",-0.783979773765256
"Wave_1176",-0.789393269357793
"Wave_1177",-0.802361468804419
"Wave_1178",-0.814830871032185
"Wave_1179",-0.832293718589186
"Wave_1180",-0.84798476522608
"Wave_1181",-0.861106324758378
"Wave_1182",-0.87381759933887
"Wave_1183",-0.887133071343406
"Wave_1184",-0.900254917739404
"Wave_1185",-0.916002855706433
"Wave_1186",-0.928540963017175
"Wave_1187",-0.9385533559954
"Wave_1188",-0.947372883624041
"Wave_1189",-0.959759945473735
"Wave_1190",-0.971499451891315
"Wave_1191",-0.983596469122623
"Wave_1192",-0.993851211898617
"Wave_1193",-1.00602590898337
"Wave_1194",-1.01479586307897
"Wave_1195",-1.02044609251154
"Wave_1196",-1.02659965290376
"Wave_1197",-1.03445918521292
"Wave_1198",-1.03783247476827
"Wave_1199",-1.03824106172097
"Wave_1200",-1.04183040813212
"Wave_1201",-1.04490086897475
"Wave_1202",-1.04168850930817
"Wave_1203",-1.03695195376708
"Wave_1204",-1.03282651087299
"Wave_1205",-1.02469707711217
"Wave_1206",-1.0152834333138
"Wave_1207",-1.00555854270106
"Wave_1208",-0.991262301517181
"Wave_1209",-0.969569139569125
"Wave_1210",-0.94622758513157
"Wave_1211",-0.919920524115763
"Wave_1212",-0.889533285141952
"Wave_1213",-0.855703417894793
"Wave_1214",-0.819656668892122
"Wave_1215",-0.779603620583228
"Wave_1216",-0.737994256629144
"Wave_1217",-0.6985819470697
"Wave_1218",-0.655365237666395
"Wave_1219",-0.604684028742218
"Wave_1220",-0.552689263554793
"Wave_1221",-0.498957784653546
"Wave_1222",-0.445397548196981
"Wave_1223",-0.39147152606062
"Wave_1224",-0.338318206720022
"Wave_1225",-0.286534959760341
"Wave_1226",-0.233798664800665
"Wave_1227",-0.181408588689832
"Wave_1228",-0.13310499337083
"Wave_1229",-0.0853218732279677
"Wave_1230",-0.0346978297549174
"Wave_1231",0.0124158096205601
"Wave_1232",0.056933593713802
"Wave_1233",0.0999125927919897
"Wave_1234",0.140901826224984
"Wave_1235",0.179813000697145
"Wave_1236",0.218169960641655
"Wave_1237",0.254208484237914
"Wave_1238",0.287401605502579
"Wave_1239",0.318849890256833
"Wave_1240",0.348771316703626
"Wave_1241",0.379060634376061
"Wave_1242",0.409550095779056
"Wave_1243",0.439235091589859
"Wave_1244",0.468288791285244
"Wave_1245",0.494585109821677
"Wave_1246",0.522426430146885
"Wave_1247",0.55124031001135
"Wave_1248",0.579605568636077
"Wave_1249",0.608251031305578
"Wave_1250",0.6331982207943
"Wave_1251",0.654889251210009
"Wave_1252",0.678208177986357
"Wave_1253",0.702310151114524
"Wave_1254",0.722959743276562
"Wave_1255",0.743661060819025
"Wave_1256",0.767345070797458
"Wave_1257",0.789578331144724
"Wave_1258",0.809129586413823
"Wave_1259",0.826716364882157
"Wave_1260",0.846005019073545
"Wave_1261",0.865374705316731
"Wave_1262",0.881535706170088
"Wave_1263",0.895972264285217
"Wave_1264",0.915055119984808
"Wave_1265",0.931474048298414
"Wave_1266",0.945451754260584
"Wave_1267",0.959935928375083
"Wave_1268",0.975891919838711
"Wave_1269",0.989187992835083
"Wave_1270",0.996745902326903
"Wave_1271",1.00844439586538
"Wave_1272",1.0222690970854
"Wave_1273",1.03281171542395
"Wave_1274",1.04200815394388
"Wave_1275",1.05331189313697
"Wave_1276",1.07084356211955
"Wave_1277",1.07941742343912
"Wave_1278",1.08668954600884
"Wave_1279",1.09678352810252
"Wave_1280",1.10362867358638
"Wave_1281",1.10755172911661
"Wave_1282",1.11559688507708
"Wave_1283",1.12570319557462
"Wave_1284",1.13371850668677
"Wave_1285",1.14213226846441
"Wave_1286",1.15081916358129
"Wave_1287",1.16452665982245
"Wave_1288",1.17337268622967
"Wave_1289",1.18085376882239
"Wave_1290",1.18454389338065
"Wave_1291",1.19009445541195
"Wave_1292",1.19397072690387
"Wave_1293",1.19221487120198
"Wave_1294",1.2016817450555
"Wave_1295",1.2016490781371
"Wave_1296",1.20453054156423
"Wave_1297",1.20455097290396
"Wave_1298",1.21154857610172
"Wave_1299",1.21845606632217
"Wave_1300",1.22103522824973
"Wave_1301",1.22550628791473
"Wave_1302",1.22897080782723
"Wave_1303",1.22817389377632
"Wave_1304",1.22383864393004
"Wave_1305",1.21705676172667
"Wave_1306",1.21220688445531
"Wave_1307",1.20416340233742
"Wave_1308",1.19404198900951
"Wave_1309",1.19010043042791
"Wave_1310",1.18094921710783
"Wave_1311",1.1670132558408
"Wave_1312",1.14785206177495
"Wave_1313",1.13255362866968
"Wave_1314",1.11901134688153
"Wave_1315",1.10171214405924
"Wave_1316",1.08883862303946
"Wave_1317",1.07748943197242
"Wave_1318",1.06409567974634
"Wave_1319",1.04418543218119
"Wave_1320",1.0251251600778
"Wave_1321",1.00190450018965
"Wave_1322",0.97676227644615
"Wave_1323",0.949927910579432
"Wave_1324",0.932206336013488
"Wave_1325",0.908413101466213
"Wave_1326",0.888313414939073
"Wave_1327",0.861312136593422
"Wave_1328",0.833523974766603
"Wave_1329",0.803317248868252
"Wave_1330",0.774369597854229
"Wave_1331",0.74200143266062
"Wave_1332",0.710842643368369
"Wave_1333",0.673247231050416
"Wave_1334",0.641125469439535
"Wave_1335",0.609081347514488
"Wave_1336",0.576701542230259
"Wave_1337",0.546008119992649
"Wave_1338",0.51764766563143
"Wave_1339",0.480575208973678
"Wave_1340",0.446922196311805
"Wave_1341",0.411818743559503
"Wave_1342",0.375812538079394
"Wave_1343",0.333463378358464
"Wave_1344",0.294248631641087
"Wave_1345",0.256998624381003
"Wave_1346",0.218988501164471
"Wave_1347",0.183037354863256
"Wave_1348",0.148675341996472
"Wave_1349",0.118149822045186
"Wave_1350",0.0833772385184272
"Wave_1351",0.0476738866940445
"Wave_1352",0.017193535969396
"Wave_1353",-0.0129339517435369
"Wave_1354",-0.0461012411514652
"Wave_1355",-0.0795550587829256
"Wave_1356",-0.112683867549523
"Wave_1357",-0.145452685655885
"Wave_1358",-0.173137246692295
"Wave_1359",-0.201657033324289
"Wave_1360",-0.228217110418527
"Wave_1361",-0.252961253562923
"Wave_1362",-0.275410275210487
"Wave_1363",-0.300799402381115
"Wave_1364",-0.327109442557589
"Wave_1365",-0.333594970760525
"Wave_1366",-0.34437966710732
"Wave_1367",-0.35959754439937
"Wave_1368",-0.37676710385838
"Wave_1369",-0.376425221389636
"Wave_1370",-0.390836381033735
"Wave_1371",-0.405611104885673
"Wave_1372",-0.412655279342429
"Wave_1373",-0.40256260218564
"Wave_1374",-0.406353476002386
"Wave_1375",-0.410402613539803
"Wave_1376",-0.390628370435489
"Wave_1377",-0.380184720375133
"Wave_1378",-0.377788903879132
"Wave_1379",-0.371740926971505
"Wave_1380",-0.344280369247177
"Wave_1381",-0.331577554893622
"Wave_1382",-0.318165929810111
"Wave_1383",-0.302307323861904
"Wave_1384",-0.2777321289229
"Wave_1385",-0.255047258201156
"Wave_1386",-0.231151412942886
"Wave_1387",-0.204383373014248
"Wave_1388",-0.180691952921298
"Wave_1389",-0.152960233205788
"Wave_1390",-0.118085398251868
"Wave_1391",-0.0991220009084749
"Wave_1392",-0.0945811119427011
"Wave_1393",-0.0810785746641111
"Wave_1394",-0.0626305380814111
"Wave_1395",-0.0705987770811907
"Wave_1396",-0.0661332987121799
"Wave_1397",-0.0491005999330399
"Wave_1398",-0.0429586999926424
"Wave_1399",-0.0466313739248237
"Wave_1400",-0.0402334266119844
"Wave_1401",-0.0178380779158811
"Wave_1402",-0.0231952097070484
"Wave_1403",-0.0190638409701269
"Wave_1404",-0.013038133412805
"Wave_1405",-0.00361170901842633
"Wave_1406",-0.0226182398472955
"Wave_1407",-0.0164824618439368
"Wave_1408",-0.00547956444047441
"Wave_1409",0.00347635822210983
"Wave_1410",0.00246124554290789
"Wave_1411",0.0109485070738434
"Wave_1412",0.0184698259112818
"Wave_1413",0.013948721459097
"Wave_1414",0.0174173647607766
"Wave_1415",0.0234373182101808
"Wave_1416",0.0323661325188977
"Wave_1417",0.0278892312156809
"Wave_1418",0.0301714012411292
"Wave_1419",0.0295700954676614
"Wave_1420",0.0296816952272629
"Wave_1421",0.0250460210648131
"Wave_1422",0.0281850493111509
"Wave_1423",0.0311112559858528
"Wave_1424",0.0364576205501321
"Wave_1425",0.0436472941066922
"Wave_1426",0.0542614381388098
"Wave_1427",0.0619364224030945
"Wave_1428",0.0653295401838108
"Wave_1429",0.0782436763470691
"Wave_1430",0.0924032150410316
"Wave_1431",0.104430696184335
"Wave_1432",0.11647278115226
"Wave_1433",0.126311550992256
"Wave_1434",0.134650494643985
"Wave_1435",0.141998066032474
"Wave_1436",0.154968795092828
"Wave_1437",0.170885816155626
"Wave_1438",0.185537149524131
"Wave_1439",0.199687659319305
"Wave_1440",0.218728966225977
"Wave_1441",0.235855459973714
"Wave_1442",0.250552955622816
"Wave_1443",0.266223890550108
"Wave_1444",0.283803833324904
"Wave_1445",0.300535976173693
"Wave_1446",0.316003157997588
"Wave_1447",0.333170523013171
"Wave_1448",0.349065858393276
"Wave_1449",0.365246063004592
"Wave_1450",0.381152959776096
"Wave_1451",0.398067822246907
"Wave_1452",0.414303832409416
"Wave_1453",0.429120988013566
"Wave_1454",0.443499027521776
"Wave_1455",0.459368035058233
"Wave_1456",0.474555428181047
"Wave_1457",0.486807388828929
"Wave_1458",0.500918586593797
"Wave_1459",0.515335244226588
"Wave_1460",0.529669723466852
"Wave_1461",0.541675615355623
"Wave_1462",0.557200902065842
"Wave_1463",0.574122119335668
"Wave_1464",0.589985169805633
"Wave_1465",0.600829500968085
"Wave_1466",0.614026993810492
"Wave_1467",0.625687554008969
"Wave_1468",0.636368856664514
"Wave_1469",0.645331223365471
"Wave_1470",0.655646282737707
"Wave_1471",0.666671573957345
"Wave_1472",0.675693536165599
"Wave_1473",0.683610539589312
"Wave_1474",0.691180720347831
"Wave_1475",0.698004180671647
"Wave_1476",0.703741487023351
"Wave_1477",0.708289376499914
"Wave_1478",0.714792111492776
"Wave_1479",0.720891178866106
"Wave_1480",0.725190654508674
"Wave_1481",0.729119908539844
"Wave_1482",0.734049334579223
"Wave_1483",0.738707466527472
"Wave_1484",0.744180974766073
"Wave_1485",0.747502565578259
"Wave_1486",0.750069239721201
"Wave_1487",0.751098316219368
"Wave_1488",0.754131142495028
"Wave_1489",0.756382980415309
"Wave_1490",0.759509240187774
"Wave_1491",0.761303875786788
"Wave_1492",0.763835874165667
"Wave_1493",0.765478339074937
"Wave_1494",0.765446691638756
"Wave_1495",0.762945210351082
"Wave_1496",0.761592351732399
"Wave_1497",0.76085712748747
"Wave_1498",0.757196350736614
"Wave_1499",0.751159665246415
"Wave_1500",0.745861754649228
"Wave_1501",0.740635494833724
"Wave_1502",0.735368478245762
"Wave_1503",0.733545884032187
"Wave_1504",0.733053695655413
"Wave_1505",0.730722147246826
"Wave_1506",0.722868182389705
"Wave_1507",0.714963756525527
"Wave_1508",0.708540576208768
"Wave_1509",0.699244948477255
"Wave_1510",0.686599507682824
"Wave_1511",0.676345076619594
"Wave_1512",0.668356526008152
"Wave_1513",0.660756750353129
"Wave_1514",0.653956401627735
"Wave_1515",0.647174316932432
"Wave_1516",0.638760496595159
"Wave_1517",0.621641358736966
"Wave_1518",0.605970090934986
"Wave_1519",0.588831965553431
"Wave_1520",0.571741343908791
"Wave_1521",0.556907249253685
"Wave_1522",0.542042877226858
"Wave_1523",0.528583116776458
"Wave_1524",0.5120672285109
"Wave_1525",0.49484995313404
"Wave_1526",0.47820208950666
"Wave_1527",0.460193468700009
"Wave_1528",0.441007085001877
"Wave_1529",0.422545254468374
"Wave_1530",0.402075176187575
"Wave_1531",0.380648374742555
"Wave_1532",0.356354876093771
"Wave_1533",0.334313862605898
"Wave_1534",0.31237154199576
"Wave_1535",0.287545966461391
"Wave_1536",0.263005917536914
"Wave_1537",0.23896188972372
"Wave_1538",0.213656868691999
"Wave_1539",0.186948532415456
"Wave_1540",0.160513484875381
"Wave_1541",0.135034901065224
"Wave_1542",0.110847784527912
"Wave_1543",0.0832879902482214
"Wave_1544",0.0566991599580115
"Wave_1545",0.0295895685580044
"Wave_1546",0.00104997797147979
"Wave_1547",-0.0269823909470218
"Wave_1548",-0.0519973099159349
"Wave_1549",-0.0763680104243701
"Wave_1550",-0.102097781941103
"Wave_1551",-0.126626449618512
"Wave_1552",-0.150804764891144
"Wave_1553",-0.175315056877503
"Wave_1554",-0.203161127322507
"Wave_1555",-0.229532568966651
"Wave_1556",-0.254185340086056
"Wave_1557",-0.275861173985656
"Wave_1558",-0.294495181399001
"Wave_1559",-0.314789208165967
"Wave_1560",-0.335997082622156
"Wave_1561",-0.356833643238486
"Wave_1562",-0.378873439455131
"Wave_1563",-0.401170858213993
"Wave_1564",-0.421602369262672
"Wave_1565",-0.444894017655395
"Wave_1566",-0.466886499220535
"Wave_1567",-0.487916624919534
"Wave_1568",-0.505122117408349
"Wave_1569",-0.517897564982887
"Wave_1570",-0.530464137317379
"Wave_1571",-0.542921579876367
"Wave_1572",-0.558368913196862
"Wave_1573",-0.574331050630034
"Wave_1574",-0.590213427296322
"Wave_1575",-0.6039454773084
"Wave_1576",-0.617101341862928
"Wave_1577",-0.629091428711266
"Wave_1578",-0.641949680953782
"Wave_1579",-0.656276956851697
"Wave_1580",-0.670487688204873
"Wave_1581",-0.682342478789576
"Wave_1582",-0.692126802955932
"Wave_1583",-0.700827296544481
"Wave_1584",-0.70807611029399
"Wave_1585",-0.712792091193453
"Wave_1586",-0.715282264020914
"Wave_1587",-0.716371104186864
"Wave_1588",-0.717124708548493
"Wave_1589",-0.71696149351803
"Wave_1590",-0.713542571029578
"Wave_1591",-0.70963306031176
"Wave_1592",-0.703012001922361
"Wave_1593",-0.694208918167047
"Wave_1594",-0.685086559283532
"Wave_1595",-0.673595925974781
"Wave_1596",-0.660558071232916
"Wave_1597",-0.646885206929009
"Wave_1598",-0.632387675901101
"Wave_1599",-0.616973665713012
"Wave_1600",-0.602329318220582
"Wave_1601",-0.587534255306212
"Wave_1602",-0.572387271094328
"Wave_1603",-0.559160851624781
"Wave_1604",-0.544646835094508
"Wave_1605",-0.52626146994445
"Wave_1606",-0.509117548163081
"Wave_1607",-0.489402643530335
"Wave_1608",-0.4663275632286
"Wave_1609",-0.443640730012065
"Wave_1610",-0.423207380429561
"Wave_1611",-0.402471416900724
"Wave_1612",-0.384104817885384
"Wave_1613",-0.366225974376757
"Wave_1614",-0.346769190938523
"Wave_1615",-0.324798924566807
"Wave_1616",-0.304155689956638
"Wave_1617",-0.284534940507527
"Wave_1618",-0.264001176593436
"Wave_1619",-0.244006802318571
"Wave_1620",-0.224730305308822
"Wave_1621",-0.205105400124467
"Wave_1622",-0.186178962889722
"Wave_1623",-0.172124586778846
"Wave_1624",-0.156678848791598
"Wave_1625",-0.142686265686178
"Wave_1626",-0.12992215084094
"Wave_1627",-0.118532326787738
"Wave_1628",-0.105890174534634
"Wave_1629",-0.0922304198483115
"Wave_1630",-0.0784191003168688
"Wave_1631",-0.0644500946829096
"Wave_1632",-0.0501214134334209
"Wave_1633",-0.0356952762200033
"Wave_1634",-0.0206057089767802
"Wave_1635",-0.00896152647931521
"Wave_1636",0.00171712569907718
"Wave_1637",0.0135479260669211
"Wave_1638",0.023880682903151
"Wave_1639",0.0326069090308729
"Wave_1640",0.041874737813213
"Wave_1641",0.0492657550902648
"Wave_1642",0.0561892341459178
"Wave_1643",0.0594351267980505
"Wave_1644",0.0650711904893949
"Wave_1645",0.0666481605484319
"Wave_1646",0.0647521750948606
"Wave_1647",0.0607027594648573
"Wave_1648",0.056409616907842
"Wave_1649",0.0461476558622593
"Wave_1650",0.0319241513643169
"Wave_1651",0.0188509054698024
"Wave_1652",0.00329237133940065
"Wave_1653",-0.0152535270597655
"Wave_1654",-0.0346763991774392
"Wave_1655",-0.0546644042948049
"Wave_1656",-0.0784766644082346
"Wave_1657",-0.103286033425431
"Wave_1658",-0.127708041657086
"Wave_1659",-0.152524976289668
"Wave_1660",-0.180372307691233
"Wave_1661",-0.207372478676386
"Wave_1662",-0.234397635941522
"Wave_1663",-0.257434853399613
"Wave_1664",-0.281093388696931
"Wave_1665",-0.302664135746696
"Wave_1666",-0.324184963301999
"Wave_1667",-0.344232264805121
"Wave_1668",-0.361254022488674
"Wave_1669",-0.376136389115036
"Wave_1670",-0.392448462158442
"Wave_1671",-0.407054127913197
"Wave_1672",-0.41958444963001
"Wave_1673",-0.429158347263681
"Wave_1674",-0.438303569837248
"Wave_1675",-0.445585994636241
"Wave_1676",-0.449625715457836
"Wave_1677",-0.449952279768509
"Wave_1678",-0.449781025919518
"Wave_1679",-0.450577694381312
"Wave_1680",-0.448824788954197
"Wave_1681",-0.452617863853628
"Wave_1682",-0.455987109170118
"Wave_1683",-0.459679649365273
"Wave_1684",-0.455533382746615
"Wave_1685",-0.450626551675769
"Wave_1686",-0.449056074414575
"Wave_1687",-0.448693537508719
"Wave_1688",-0.445026403486357
"Wave_1689",-0.443869424323968
"Wave_1690",-0.447843299516612
"Wave_1691",-0.449946650191461
"Wave_1692",-0.453337866608193
"Wave_1693",-0.461815584825609
"Wave_1694",-0.470951471171046
"Wave_1695",-0.487414952062446
"Wave_1696",-0.512581255675558
"Wave_1697",-0.539469704086874
"Wave_1698",-0.568862274319078
"Wave_1699",-0.602180086779004
"Wave_1700",-0.635707833192419
"Wave_1701",-0.664878511894313
"Wave_1702",-0.688954077189904
"Wave_1703",-0.71359435122297
"Wave_1704",-0.738129504229987
"Wave_1705",-0.760180985128031
"Wave_1706",-0.780392873864002
"Wave_1707",-0.798372974555883
"Wave_1708",-0.815531327084139
"Wave_1709",-0.835518973594131
"Wave_1710",-0.858110403335962
"Wave_1711",-0.881971154854529
"Wave_1712",-0.905697849666131
"Wave_1713",-0.932723948664778
"Wave_1714",-0.956228851021669
"Wave_1715",-0.976275890473093
"Wave_1716",-0.997455459196217
"Wave_1717",-1.01752499893506
"Wave_1718",-1.03574428369837
"Wave_1719",-1.05268594142319
"Wave_1720",-1.06681229845789
"Wave_1721",-1.07554122817293
"Wave_1722",-1.08256643961216
"Wave_1723",-1.08884391402736
"Wave_1724",-1.09366271905573
"Wave_1725",-1.0949645057932
"Wave_1726",-1.09190298776019
"Wave_1727",-1.08295899868867
"Wave_1728",-1.06947685492441
"Wave_1729",-1.05190230772106
"Wave_1730",-1.03066776596971
"Wave_1731",-1.00916491122919
"Wave_1732",-0.988288170329527
"Wave_1733",-0.965373687593582
"Wave_1734",-0.942216761670936
"Wave_1735",-0.920588647519391
"Wave_1736",-0.898991487350783
"Wave_1737",-0.8773082019391
"Wave_1738",-0.859504297258295
"Wave_1739",-0.843059288178373
"Wave_1740",-0.828767058502055
"Wave_1741",-0.816790596451292
"Wave_1742",-0.808276410008021
"Wave_1743",-0.802477654787482
"Wave_1744",-0.797001196735435
"Wave_1745",-0.790990103487062
"Wave_1746",-0.786983614877003
"Wave_1747",-0.7840902988189
"Wave_1748",-0.780864034565219
"Wave_1749",-0.777739170035396
"Wave_1750",-0.77378782685205
"Wave_1751",-0.767777579890554
"Wave_1752",-0.758078633811389
"Wave_1753",-0.744248855056582
"Wave_1754",-0.727922698862216
"Wave_1755",-0.711603200157661
"Wave_1756",-0.697698565455529
"Wave_1757",-0.679347957605703
"Wave_1758",-0.659687507570149
"Wave_1759",-0.639631618102496
"Wave_1760",-0.616159304322589
"Wave_1761",-0.591473553200863
"Wave_1762",-0.567468896965747
"Wave_1763",-0.538459354789121
"Wave_1764",-0.507702907942613
"Wave_1765",-0.476889919208769
"Wave_1766",-0.446727433433064
"Wave_1767",-0.416409342553235
"Wave_1768",-0.38366257342871
"Wave_1769",-0.350167033180275
"Wave_1770",-0.315404720649799
"Wave_1771",-0.279826063705093
"Wave_1772",-0.245795030461081
"Wave_1773",-0.216733610290587
"Wave_1774",-0.194077074139454
"Wave_1775",-0.174184061117103
"Wave_1776",-0.158035154993172
"Wave_1777",-0.138571596108803
"Wave_1778",-0.119793616139642
"Wave_1779",-0.104814805149725
"Wave_1780",-0.0941154082592908
"Wave_1781",-0.0841088294790406
"Wave_1782",-0.0748831457865011
"Wave_1783",-0.0657731319043905
"Wave_1784",-0.0528618260581206
"Wave_1785",-0.0414773259873471
"Wave_1786",-0.0300303590306716
"Wave_1787",-0.0164763334503725
"Wave_1788",-0.00488576987352268
"Wave_1789",0.00478323838218744
"Wave_1790",0.0184671919085791
"Wave_1791",0.0316217591575668
"Wave_1792",0.0458596413303102
"Wave_1793",0.0592052473051397
"Wave_1794",0.0714972115837338
"Wave_1795",0.0798546176456023
"Wave_1796",-0.12226872308697
"Wave_1797",-0.111778880658251
"Wave_1798",-0.106143703703087
"Wave_1799",-0.103190541625556
"Wave_1800",-0.0979810692011504
"Wave_1801",-0.0666503961891542
"Wave_1802",-0.0570143799879642
"Wave_1803",-0.0569115792585356
"Wave_1804",-0.0548996248778814
"Wave_1805",-0.0485245382844361
"Wave_1806",-0.0475542263231912
"Wave_1807",-0.0442167071699301
"Wave_1808",-0.0392401618626541
"Wave_1809",-0.0302988850934161
"Wave_1810",-0.023642834718675
"Wave_1811",-0.0194993651390273
"Wave_1812",-0.0131812528375284
"Wave_1813",-0.00688416971914024
"Wave_1814",-0.00201556112115803
"Wave_1815",0.00113371502284973
"Wave_1816",0.00269246141231447
"Wave_1817",0.00723462226140645
"Wave_1818",0.00980190936936606
"Wave_1819",0.0159767267828531
"Wave_1820",0.021633775757928
"Wave_1821",0.0299960276433189
"Wave_1822",0.0391318065423519
"Wave_1823",0.0489461487872441
"Wave_1824",0.061764962790355
"Wave_1825",0.0754430339422962
"Wave_1826",0.092558275974232
"Wave_1827",0.104432276472047
"Wave_1828",0.11753900240287
"Wave_1829",0.133619133783415
"Wave_1830",0.145648190675221
"Wave_1831",0.155981871434376
"Wave_1832",0.173963725761896
"Wave_1833",0.193824841748372
"Wave_1834",0.214029490596156
"Wave_1835",0.237498433865376
"Wave_1836",0.265236518632372
"Wave_1837",0.289854643194749
"Wave_1838",0.314276777457181
"Wave_1839",0.341438080865205
"Wave_1840",0.372597724021852
"Wave_1841",0.40067067109467
"Wave_1842",0.432002415586404
"Wave_1843",0.467824785247122
"Wave_1844",0.498280011521834
"Wave_1845",0.525816780534291
"Wave_1846",0.55493562874201
"Wave_1847",0.585931830481745
"Wave_1848",0.614442448245801
"Wave_1849",0.645069601598494
"Wave_1850",0.68134811981347
"Wave_1851",0.713113562000288
"Wave_1852",0.739115836348011
"Wave_1853",0.765022686159743
"Wave_1854",0.792341373681469
"Wave_1855",0.812647854864454
"Wave_1856",0.833511176920567
"Wave_1857",0.854142721772094
"Wave_1858",0.875294154299429
"Wave_1859",0.895044683816239
"Wave_1860",0.914903626980195
"Wave_1861",0.933400032807839
"Wave_1862",0.943312651359852
"Wave_1863",0.952247128484421
"Wave_1864",0.967362185500758
"Wave_1865",0.972342996066693
"Wave_1866",0.97026844767324
"Wave_1867",0.978545875130198
"Wave_1868",0.992510806698455
"Wave_1869",0.995363805904313
"Wave_1870",1.01017729988063
"Wave_1871",1.01079970160582
"Wave_1872",1.00259664011393
"Wave_1873",0.996268734641819
"Wave_1874",0.989088523235456
"Wave_1875",0.973090370126732
"Wave_1876",0.957948620224729
"Wave_1877",0.9528050528152
"Wave_1878",0.902322557681719
"Wave_1879",0.870104512930666
"Wave_1880",0.847197050693499
"Wave_1881",0.872779156014108
"Wave_1882",0.91196565853251
"Wave_1883",0.961924121598266
"Wave_1884",0.990709309222411
"Wave_1885",0.994128316831184
"Wave_1886",1.00314815935725
"Wave_1887",0.993511069397674
"Wave_1888",0.966954892871801
"Wave_1889",0.934206766853049
"Wave_1890",0.926080848144175
"Wave_1891",0.880882949429201
"Wave_1892",0.822742030783101
"Wave_1893",0.75919619442536
"Wave_1894",0.78629541120121
"Wave_1895",0.796919109528407
"Wave_1896",0.790673790802494
"Wave_1897",0.80918698373186
"Wave_1898",0.827271502053291
"Wave_1899",0.838915597455014
"Wave_1900",0.821584634533149
"Wave_1901",0.797409357728316
"Wave_1902",0.761877039042803
"Wave_1903",0.694405298359714
"Wave_1904",0.589521178129287
"Wave_1905",0.536929597659071
"Wave_1906",0.474271699053306
"Wave_1907",0.416136406268851
"Wave_1908",0.354869605764596
"Wave_1909",0.295331790737746
"Wave_1910",0.233953714233263
"Wave_1911",0.174371144765045
"Wave_1912",0.10872384578867
"Wave_1913",0.0538907815371051
"Wave_1914",0.00289340845297528
"Wave_1915",-0.0455824082945663
"Wave_1916",-0.0923772135947012
"Wave_1917",-0.135601778930183
"Wave_1918",-0.172442365594181
"Wave_1919",-0.214166114203909
"Wave_1920",-0.251969067419344
"Wave_1921",-0.286458118528958
"Wave_1922",-0.318394943873269
"Wave_1923",-0.348020462757616
"Wave_1924",-0.37489820166692
"Wave_1925",-0.403273320684078
"Wave_1926",-0.42771176115054
"Wave_1927",-0.451881172154998
"Wave_1928",-0.474725607956368
"Wave_1929",-0.497457126310405
"Wave_1930",-0.524030213841626
"Wave_1931",-0.543673092919836
"Wave_1932",-0.564013509165529
"Wave_1933",-0.58091812917996
"Wave_1934",-0.593155078465538
"Wave_1935",-0.604763877574765
"Wave_1936",-0.61994001961264
"Wave_1937",-0.638032476760672
"Wave_1938",-0.650950688206667
"Wave_1939",-0.657616469423119
"Wave_1940",-0.661781500030715
"Wave_1941",-0.662690506383914
"Wave_1942",-0.663578296554136
"Wave_1943",-0.665928704534329
"Wave_1944",-0.667816381646851
"Wave_1945",-0.671168379984632
"Wave_1946",-0.674453773059017
"Wave_1947",-0.672933415378467
"Wave_1948",-0.675358000560084
"Wave_1949",-0.673589750971625
"Wave_1950",-0.663511534940055
"Wave_1951",-0.655307206188412
"Wave_1952",-0.645872251029552
"Wave_1953",-0.636383107950546
"Wave_1954",-0.634665296791692
"Wave_1955",-0.635412254465558
"Wave_1956",-0.634195461717022
"Wave_1957",-0.630071499726127
"Wave_1958",-0.619381836734182
"Wave_1959",-0.605410627167453
"Wave_1960",-0.589060198705483
"Wave_1961",-0.575233080850092
"Wave_1962",-0.568225179520252
"Wave_1963",-0.561586857568871
"Wave_1964",-0.553625584219449
"Wave_1965",-0.543279962699129
"Wave_1966",-0.535013826096961
"Wave_1967",-0.526868169895062
"Wave_1968",-0.51432525415632
"Wave_1969",-0.498852227954657
"Wave_1970",-0.481362838225383
"Wave_1971",-0.466449836758665
"Wave_1972",-0.452598653448384
"Wave_1973",-0.431924747673532
"Wave_1974",-0.411460320381241
"Wave_1975",-0.39536695154212
"Wave_1976",-0.377664314075706
"Wave_1977",-0.357713304902952
"Wave_1978",-0.340588152202499
"Wave_1979",-0.324848378453417
"Wave_1980",-0.308929253699674
"Wave_1981",-0.2938312804731
"Wave_1982",-0.277275296198183
"Wave_1983",-0.256278611942017
"Wave_1984",-0.233352643386603
"Wave_1985",-0.209488067851989
"Wave_1986",-0.186107666065933
"Wave_1987",-0.16876879239535
"Wave_1988",-0.156372894596511
"Wave_1989",-0.143180861594462
"Wave_1990",-0.128277728398901
"Wave_1991",-0.108362494967289
"Wave_1992",-0.0852782879654994
"Wave_1993",-0.0608330616346939
"Wave_1994",-0.0408653903468936
"Wave_1995",-0.0219475999176643
"Wave_1996",-0.00576531435261836
"Wave_1997",0.00890411141990027
"Wave_1998",0.0283704637878043
"Wave_1999",0.0490327221554684
"Wave_2000",0.0669260348367182
"Wave_2001",0.0831867046072402
"Wave_2002",0.0985806710666265
"Wave_2003",0.114085530795577
"Wave_2004",0.130787100032154
"Wave_2005",0.150822003935234
"Wave_2006",0.172652494037788
"Wave_2007",0.191871697468876
"Wave_2008",0.20886505235414
"Wave_2009",0.226748932036072
"Wave_2010",0.246222938008429
"Wave_2011",0.264835104376925
"Wave_2012",0.282589238276268
"Wave_2013",0.297180461546795
"Wave_2014",0.315460624771905
"Wave_2015",0.334011712628665
"Wave_2016",0.343103753088632
"Wave_2017",0.351449147173391
"Wave_2018",0.365652901985412
"Wave_2019",0.380247119336933
"Wave_2020",0.386551595448994
"Wave_2021",0.395516228705886
"Wave_2022",0.407269649794883
"Wave_2023",0.417496386748707
"Wave_2024",0.424515450744777
"Wave_2025",0.431259708321587
"Wave_2026",0.438910625101505
"Wave_2027",0.44444658226282
"Wave_2028",0.446853700788576
"Wave_2029",0.448324048592118
"Wave_2030",0.450942851563164
"Wave_2031",0.454201495205684
"Wave_2032",0.456000251325044
"Wave_2033",0.460731323764948
"Wave_2034",0.465996845784435
"Wave_2035",0.466554309174496
"Wave_2036",0.466033464850722
"Wave_2037",0.46494132378978
"Wave_2038",0.464349705680893
"Wave_2039",0.466249785017353
"Wave_2040",0.465137220333524
"Wave_2041",0.459804011477516
"Wave_2042",0.450966439274167
"Wave_2043",0.436405849462189
"Wave_2044",0.419788539284565
"Wave_2045",0.405604822770266
"Wave_2046",0.396041629095386
"Wave_2047",0.393865311251528
"Wave_2048",0.39509444055292
"Wave_2049",0.395594382171765
"Wave_2050",0.390305265572768
"Wave_2051",0.383605909144062
"Wave_2052",0.369494085454212
"Wave_2053",0.350583777945395
"Wave_2054",0.335125863915593
"Wave_2055",0.321543908825164
"Wave_2056",0.3043656571641
"Wave_2057",0.292098843098437
"Wave_2058",0.28602049102511
"Wave_2059",0.285742622691896
"Wave_2060",0.28513403737808
"Wave_2061",0.274906716143052
"Wave_2062",0.258278384493799
"Wave_2063",0.242566545388827
"Wave_2064",0.221976423354228
"Wave_2065",0.202874931681663
"Wave_2066",0.183176726145975
"Wave_2067",0.166827614881104
"Wave_2068",0.155636388756773
"Wave_2069",0.145466231149211
"Wave_2070",0.133854073632488
"Wave_2071",0.120010097216564
"Wave_2072",0.10287478161417
"Wave_2073",0.0807776491775365
"Wave_2074",0.0656365291368821
"Wave_2075",0.054161071588404
"Wave_2076",0.0430807255621525
"Wave_2077",0.0317152213839829
"Wave_2078",0.0200666233513108
"Wave_2079",0.00865499010886436
"Wave_2080",-0.00133407218477596
"Wave_2081",-0.0132805713874353
"Wave_2082",-0.0245404984057512
"Wave_2083",-0.0361324636136964
"Wave_2084",-0.0505788678142038
"Wave_2085",-0.0653305391639613
"Wave_2086",-0.0801597799210859
"Wave_2087",-0.0965705474395609
"Wave_2088",-0.111055807018116
"Wave_2089",-0.114913390220361
"Wave_2090",-0.115759188251383
"Wave_2091",-0.110581587521575
"Wave_2092",-0.109633944790325
"Wave_2093",-0.117793717679162
"Wave_2094",-0.1303853477564
"Wave_2095",-0.144543331961875
"Wave_2096",-0.158284435355031
"Wave_2097",-0.173575685767997
"Wave_2098",-0.182765413440763
"Wave_2099",-0.1926676026323
"Wave_2100",-0.206295437527974
"Wave_2101",-0.223555520664397
"Wave_2102",-0.232844768867482
"Wave_2103",-0.234666462998812
"Wave_2104",-0.239602209480268
"Wave_2105",-0.244553717136467
"Wave_2106",-0.248911570663881
"Wave_2107",-0.254725039940562
"Wave_2108",-0.260127756151914
"Wave_2109",-0.268530540909003
"Wave_2110",-0.281011171645283
"Wave_2111",-0.284784254485581
"Wave_2112",-0.2794963687237
"Wave_2113",-0.278731771845552
"Wave_2114",-0.281243282832026
"Wave_2115",-0.288490422929612
"Wave_2116",-0.297288914948654
"Wave_2117",-0.313446736603391
"Wave_2118",-0.329840950940263
"Wave_2119",-0.327873378660344
"Wave_2120",-0.321852996052235
"Wave_2121",-0.313829184399358
"Wave_2122",-0.299297487156845
"Wave_2123",-0.290576242347279
"Wave_2124",-0.284856919766881
"Wave_2125",-0.280877134471486
"Wave_2126",-0.277140385250122
"Wave_2127",-0.26797403560558
"Wave_2128",-0.256080991987177
"Wave_2129",-0.248321977632764
"Wave_2130",-0.245245285761688
"Wave_2131",-0.245497710182952
"Wave_2132",-0.243563614164692
"Wave_2133",-0.243018205300663
"Wave_2134",-0.242469180630642
"Wave_2135",-0.232991969263049
"Wave_2136",-0.216490991444714
"Wave_2137",-0.198216934275802
"Wave_2138",-0.182064831046663
"Wave_2139",-0.167169006231378
"Wave_2140",-0.156257008819604
"Wave_2141",-0.14553830303083
"Wave_2142",-0.137681761321782
"Wave_2143",-0.125422573000971
"Wave_2144",-0.113944210762206
"Wave_2145",-0.103160483365866
"Wave_2146",-0.0979461506463968
"Wave_2147",-0.0937604840210343
"Wave_2148",-0.0876900118590857
"Wave_2149",-0.0919653324171817
"Wave_2150",-0.093209625621892
"Wave_2151",-0.0811318831757428
"Wave_2152",-0.0663510754564396
"Wave_2153",-0.0432671198406431
"Wave_2154",-0.0150553256759655
"Wave_2155",0.00873971489138581
"Wave_2156",0.0199304512276536
"Wave_2157",0.0313261960015687
"Wave_2158",0.0467956550244319
"Wave_2159",0.0615758700812766
"Wave_2160",0.0744241105339259
"Wave_2161",0.0935643475236972
"Wave_2162",0.106718730612578
"Wave_2163",0.110728919585126
"Wave_2164",0.120964939951117
"Wave_2165",0.146918237810254
"Wave_2166",0.17688700780873
"Wave_2167",0.194187387655447
"Wave_2168",0.209075229579384
"Wave_2169",0.231810709604977
"Wave_2170",0.252880194533156
"Wave_2171",0.274868334307988
"Wave_2172",0.298810007301571
"Wave_2173",0.325215805276574
"Wave_2174",0.34840686991404
"Wave_2175",0.36590409556036
"Wave_2176",0.384304156909581
"Wave_2177",0.402473670681662
"Wave_2178",0.417080775306401
"Wave_2179",0.429952585823228
"Wave_2180",0.439686738500971
"Wave_2181",0.444470485751324
"Wave_2182",0.462043180005215
"Wave_2183",0.485057827919773
"Wave_2184",0.509002478292509
"Wave_2185",0.532356680953819
"Wave_2186",0.550939231041774
"Wave_2187",0.563554232988837
"Wave_2188",0.574686839980785
"Wave_2189",0.594709957370047
"Wave_2190",0.614986276928113
"Wave_2191",0.629714259860137
"Wave_2192",0.646656131566366
"Wave_2193",0.663926735224738
"Wave_2194",0.674905872691643
"Wave_2195",0.682514538892584
"Wave_2196",0.685339350836326
"Wave_2197",0.686098067131136
"Wave_2198",0.693000059298648
"Wave_2199",0.706467099456568
"Wave_2200",0.716142385270035
"Wave_2201",0.726418275066348
"Wave_2202",0.734083446930123
"Wave_2203",0.731478040470685
"Wave_2204",0.736189550582817
"Wave_2205",0.752378904078491
"Wave_2206",0.763757995926817
"Wave_2207",0.767216103873748
"Wave_2208",0.77262622852305
"Wave_2209",0.769425646498764
"Wave_2210",0.762704515430749
"Wave_2211",0.758311532574708
"Wave_2212",0.759850938495352
"Wave_2213",0.767014521844633
"Wave_2214",0.776565599720363
"Wave_2215",0.777542982332385
"Wave_2216",0.777064671319743
"Wave_2217",0.776879903290425
"Wave_2218",0.769977007573125
"Wave_2219",0.757077140270136
"Wave_2220",0.749330220664813
"Wave_2221",0.737153857435289
"Wave_2222",0.717022189258108
"Wave_2223",0.698053147658319
"Wave_2224",0.683361976955557
"Wave_2225",0.669092835313046
"Wave_2226",0.640342235302944
"Wave_2227",0.611624208418036
"Wave_2228",0.591397471257136
"Wave_2229",0.569267637115191
"Wave_2230",0.54950869219097
"Wave_2231",0.52446243602097
"Wave_2232",0.49724129989305
"Wave_2233",0.464920701055496
"Wave_2234",0.42797089879587
"Wave_2235",0.396970368657364
"Wave_2236",0.370983891017706
"Wave_2237",0.33996697264913
"Wave_2238",0.306984482394793
"Wave_2239",0.273166236057278
"Wave_2240",0.227112892212866
"Wave_2241",0.172071239091057
"Wave_2242",0.122389172403572
"Wave_2243",0.0804259727656027
"Wave_2244",0.038884730935274
"Wave_2245",-0.00693146861192673
"Wave_2246",-0.0473912010351964
"Wave_2247",-0.0954603744864355
"Wave_2248",-0.150994282185299
"Wave_2249",-0.205895460786456
"Wave_2250",-0.255288013835415
"Wave_2251",-0.295585906441777
"Wave_2252",-0.337677803234025
"Wave_2253",-0.383306519793254
"Wave_2254",-0.42862641130108
"Wave_2255",-0.479671640871785
"Wave_2256",-0.54006671135454
"Wave_2257",-0.585951196998694
"Wave_2258",-0.616775226173677
"Wave_2259",-0.651145317157819
"Wave_2260",-0.690309493858433
"Wave_2261",-0.729614797591794
"Wave_2262",-0.764497401133773
"Wave_2263",-0.793976931478929
"Wave_2264",-0.816985411414539
"Wave_2265",-0.824484268135031
"Wave_2266",-0.820279390418318
"Wave_2267",-0.823713394625395
"Wave_2268",-0.829731267368442
"Wave_2269",-0.846259906175042
"Wave_2270",-0.87288483288788
"Wave_2271",-0.89538869575612
"Wave_2272",-0.899028895541465
"Wave_2273",-0.890387054443327
"Wave_2274",-0.873430289175556
"Wave_2275",-0.853616895527006
"Wave_2276",-0.825429855047447
"Wave_2277",-0.795292004186463
"Wave_2278",-0.768608075870506
"Wave_2279",-0.740967273857543
"Wave_2280",-0.705408181200366
"Wave_2281",-0.667532294050676
"Wave_2282",-0.636088607176754
"Wave_2283",-0.611063486458463
"Wave_2284",-0.582401623330553
"Wave_2285",-0.560300487876805
"Wave_2286",-0.546071713583483
"Wave_2287",-0.534954747999264
"Wave_2288",-0.521469617827172
"Wave_2289",-0.512385861251043
"Wave_2290",-0.513432956667953
"Wave_2291",-0.523794735071542
"Wave_2292",-0.541861027680211
"Wave_2293",-0.570907523100182
"Wave_2294",-0.595612111840635
"Wave_2295",-0.601120834294618
"Wave_2296",-0.601844627537872
"Wave_2297",-0.610425050132771
"Wave_2298",-0.619735129177342
"Wave_2299",-0.635660114627739
"Wave_2300",-0.663033886436005
"Wave_2301",-0.688797301664169
"Wave_2302",-0.702097428592279
"Wave_2303",-0.706775931522633
"Wave_2304",-0.708791970153573
"Wave_2305",-0.698781015370079
"Wave_2306",-0.693987869589063
"Wave_2307",-0.702355277878064
"Wave_2308",-0.718364946142097
"Wave_2309",-0.724429306217959
"Wave_2310",-0.722495851279874
"Wave_2311",-0.709783095486649
"Wave_2312",-0.673987408083277
"Wave_2313",-0.6338348890195
"Wave_2314",-0.620049599172838
"Wave_2315",-0.627432416905975
"Wave_2316",-0.616909939385187
"Wave_2317",-0.592236704019762
"Wave_2318",-0.576375976741168
"Wave_2319",-0.569828678498559
"Wave_2320",-0.554812773081466
"Wave_2321",-0.54914972334418
"Wave_2322",-0.564376065393013
"Wave_2323",-0.567009556968553
"Wave_2324",-0.551471104553774
"Wave_2325",-0.532287587159473
"Wave_2326",-0.511891424368049
"Wave_2327",-0.479456318568598
"Wave_2328",-0.465780214092966
"Wave_2329",-0.486668614373988
"Wave_2330",-0.505995626282677
"Wave_2331",-0.512225045942435
"Wave_2332",-0.519549318905558
"Wave_2333",-0.514663469832075
"Wave_2334",-0.484975256457328
"Wave_2335",-0.461901883305559
"Wave_2336",-0.46716217005047
"Wave_2337",-0.484627292712615
"Wave_2338",-0.503458280201478
"Wave_2339",-0.5317898757356
"Wave_2340",-0.544643804910391
"Wave_2341",-0.532482739829452
"Wave_2342",-0.521251917474798
"Wave_2343",-0.512244624816427
"Wave_2344",-0.499380639801336
"Wave_2345",-0.482401865380209
"Wave_2346",-0.478713007408437
"Wave_2347",-0.481902937651472
"Wave_2348",-0.475949771350327
"Wave_2349",-0.466113355319633
"Wave_2350",-0.468825150986559
"Wave_2351",-0.489450587171286
"Wave_2352",-0.490813825728374
"Wave_2353",-0.482174911621741
"Wave_2354",-0.460787548484493
"Wave_2355",-0.427271084462531
"Wave_2356",-0.400230571789692
"Wave_2357",-0.403812233300637
"Wave_2358",-0.437910985404648
"Wave_2359",-0.471915779824164
"Wave_2360",-0.498841727259042
"Wave_2361",-0.51493174709249
"Wave_2362",-0.503452797174917
"Wave_2363",-0.486205761392426
"Wave_2364",-0.493555104268402
"Wave_2365",-0.515818591875514
"Wave_2366",-0.546101610005044
"Wave_2367",-0.5644362846076
"Wave_2368",-0.581483756499648
"Wave_2369",-0.593490861848678
"Wave_2370",-0.580127563626103
"Wave_2371",-0.551643889324366
"Wave_2372",-0.547938757105358
"Wave_2373",-0.555829405060758
"Wave_2374",-0.555920888099524
"Wave_2375",-0.577190972465629
"Wave_2376",-0.566537370655894
"Wave_2377",-0.532428455547937
"Wave_2378",-0.513485556789516
"Wave_2379",-0.515404275933241
"Wave_2380",-0.511690215318325
"Wave_2381",-0.486480621014713
"Wave_2382",-0.45940629449126
"Wave_2383",-0.419176105527232
"Wave_2384",-0.374480903304927
"Wave_2385",-0.361031005601493
"Wave_2386",-0.375703494402917
"Wave_2387",-0.385052188738002
"Wave_2388",-0.35649281016823
"Wave_2389",-0.315806212543347
"Wave_2390",-0.277160000060744
"Wave_2391",-0.241876375799146
"Wave_2392",-0.232400262361942
"Wave_2393",-0.246039145111305
"Wave_2394",-0.263536225955003
"Wave_2395",-0.256855067537033
"Wave_2396",-0.238093208573009
"Wave_2397",-0.224732554896151
"Wave_2398",-0.217790236771418
"Wave_2399",-0.20548772374144
"Wave_2400",-0.202891175496328
